block,expert_regime,d,seed_idx,seed,policy,final_cum_regret,avg_regret,chosen_arm_mean_reward,best_arm_acc,oracle_mean_reward,rmse_epsilon,max_epsilon,linucb_alpha
motivation,independent,4,0,0,uniform,2696.9294732813296,0.2696929473281326,0.7238542270843639,0.2481,0.9935471744124965,1.8929911329883262,5.5549919997249555,
motivation,independent,4,0,0,epsilon_greedy,2408.6830524762613,0.2408683052476269,0.7526788691648695,0.2578,0.9935471744124965,1.8929911329883262,5.5549919997249555,
motivation,independent,4,0,0,online_softmax_best_arm,2285.6494831758278,0.22856494831758378,0.7649822260949126,0.0677,0.9935471744124965,1.8929911329883262,5.5549919997249555,
motivation,independent,4,0,0,softmax_best_arm,2393.8959225453405,0.2393895922545339,0.7541575821579625,0.6956,0.9935471744124965,1.8929911329883262,5.5549919997249555,
motivation,independent,4,0,0,cluster_label_router,2369.407277309196,0.23694072773091912,0.7566064466815773,0.6977,0.9935471744124965,1.8929911329883262,5.5549919997249555,
motivation,independent,4,0,0,oracle,0.0,0.0,0.9935471744124965,1.0,0.9935471744124965,1.8929911329883262,5.5549919997249555,
motivation,independent,4,0,0,linucb_raw_alpha_1,2424.5411570242363,0.2424541157024243,0.751093058710072,0.2345,0.9935471744124965,1.8929911329883262,5.5549919997249555,1.0
motivation,independent,4,0,0,linucb_raw,2424.5411570242363,0.2424541157024243,0.751093058710072,0.2345,0.9935471744124965,1.8929911329883262,5.5549919997249555,1.0
motivation,joint,4,0,0,uniform,841.2903294878603,0.08412903294878599,0.8560009501124721,0.2538,0.9401299830612581,1.058489726032462,6.315705830909197,
motivation,joint,4,0,0,epsilon_greedy,600.6605408152807,0.060066054081528285,0.8800639289797298,0.0735,0.9401299830612581,1.058489726032462,6.315705830909197,
motivation,joint,4,0,0,online_softmax_best_arm,640.7482878501365,0.06407482878501397,0.8760551542762441,0.1174,0.9401299830612581,1.058489726032462,6.315705830909197,
motivation,joint,4,0,0,softmax_best_arm,909.6939903569273,0.09096939903569255,0.8491605840255656,0.6784,0.9401299830612581,1.058489726032462,6.315705830909197,
motivation,joint,4,0,0,cluster_label_router,737.0620228041397,0.07370620228041384,0.8664237807808443,0.3343,0.9401299830612581,1.058489726032462,6.315705830909197,
motivation,joint,4,0,0,oracle,0.0,0.0,0.9401299830612581,1.0,0.9401299830612581,1.058489726032462,6.315705830909197,
motivation,joint,4,0,0,linucb_raw_alpha_1,682.5140566729578,0.06825140566729601,0.871878577393962,0.1959,0.9401299830612581,1.058489726032462,6.315705830909197,1.0
motivation,joint,4,0,0,linucb_raw,682.5140566729578,0.06825140566729601,0.871878577393962,0.1959,0.9401299830612581,1.058489726032462,6.315705830909197,1.0
motivation,independent,4,1,1,uniform,2722.1326870701378,0.2722132687070147,0.721764879544227,0.2503,0.9939781482512416,1.9010861609996992,5.391974681404489,
motivation,independent,4,1,1,epsilon_greedy,2681.6309937492133,0.2681630993749216,0.7258150488763201,0.2524,0.9939781482512416,1.9010861609996992,5.391974681404489,
motivation,independent,4,1,1,online_softmax_best_arm,2388.7664275514467,0.23887664275514434,0.7551015054960973,0.0953,0.9939781482512416,1.9010861609996992,5.391974681404489,
motivation,independent,4,1,1,softmax_best_arm,2436.5475256590453,0.2436547525659045,0.7503233956853371,0.6898,0.9939781482512416,1.9010861609996992,5.391974681404489,
motivation,independent,4,1,1,cluster_label_router,2441.1212013421664,0.24411212013421626,0.7498660281170254,0.6893,0.9939781482512416,1.9010861609996992,5.391974681404489,
motivation,independent,4,1,1,oracle,0.0,0.0,0.9939781482512416,1.0,0.9939781482512416,1.9010861609996992,5.391974681404489,
motivation,independent,4,1,1,linucb_raw_alpha_1,2441.3597627799745,0.2441359762779977,0.7498421719732439,0.1844,0.9939781482512416,1.9010861609996992,5.391974681404489,1.0
motivation,independent,4,1,1,linucb_raw,2441.3597627799745,0.2441359762779977,0.7498421719732439,0.1844,0.9939781482512416,1.9010861609996992,5.391974681404489,1.0
motivation,joint,4,1,1,uniform,1036.7617029771425,0.10367617029771423,0.8457563239780862,0.2511,0.9494324942758001,1.1745860348841548,6.2287626510056775,
motivation,joint,4,1,1,epsilon_greedy,818.0720769701768,0.08180720769701767,0.8676252865787827,0.227,0.9494324942758001,1.1745860348841548,6.2287626510056775,
motivation,joint,4,1,1,online_softmax_best_arm,815.2648558068056,0.08152648558068061,0.8679060086951198,0.2207,0.9494324942758001,1.1745860348841548,6.2287626510056775,
motivation,joint,4,1,1,softmax_best_arm,1037.0338513303545,0.10370338513303577,0.8457291091427646,0.6652,0.9494324942758001,1.1745860348841548,6.2287626510056775,
motivation,joint,4,1,1,cluster_label_router,886.0617018525612,0.08860617018525611,0.8608263240905443,0.3399,0.9494324942758001,1.1745860348841548,6.2287626510056775,
motivation,joint,4,1,1,oracle,0.0,0.0,0.9494324942758001,1.0,0.9494324942758001,1.1745860348841548,6.2287626510056775,
motivation,joint,4,1,1,linucb_raw_alpha_1,802.23884793662,0.08022388479366163,0.8692086094821386,0.2148,0.9494324942758001,1.1745860348841548,6.2287626510056775,1.0
motivation,joint,4,1,1,linucb_raw,802.23884793662,0.08022388479366163,0.8692086094821386,0.2148,0.9494324942758001,1.1745860348841548,6.2287626510056775,1.0
motivation,independent,4,2,2,uniform,2750.7857083621584,0.2750785708362163,0.7186555772734097,0.2517,0.993734148109626,1.9135367878072072,5.604457202122381,
motivation,independent,4,2,2,epsilon_greedy,2712.630507908541,0.2712630507908538,0.7224710973187721,0.2487,0.993734148109626,1.9135367878072072,5.604457202122381,
motivation,independent,4,2,2,online_softmax_best_arm,2458.392189748847,0.24583921897488495,0.7478949291347411,0.0801,0.993734148109626,1.9135367878072072,5.604457202122381,
motivation,independent,4,2,2,softmax_best_arm,2416.6627425670317,0.2416662742567036,0.7520678738529225,0.6885,0.993734148109626,1.9135367878072072,5.604457202122381,
motivation,independent,4,2,2,cluster_label_router,2422.9169778967744,0.24229169778967757,0.7514424503199484,0.6889,0.993734148109626,1.9135367878072072,5.604457202122381,
motivation,independent,4,2,2,oracle,0.0,0.0,0.993734148109626,1.0,0.993734148109626,1.9135367878072072,5.604457202122381,
motivation,independent,4,2,2,linucb_raw_alpha_1,2372.7500436763344,0.2372750043676333,0.7564591437419926,0.0409,0.993734148109626,1.9135367878072072,5.604457202122381,1.0
motivation,independent,4,2,2,linucb_raw,2372.7500436763344,0.2372750043676333,0.7564591437419926,0.0409,0.993734148109626,1.9135367878072072,5.604457202122381,1.0
motivation,joint,4,2,2,uniform,917.3795256061512,0.09173795256061525,0.8539862325196331,0.2497,0.9457241850802482,1.0407683765646514,6.174636056102346,
motivation,joint,4,2,2,epsilon_greedy,833.1084308640424,0.0833108430864041,0.8624133419938443,0.2377,0.9457241850802482,1.0407683765646514,6.174636056102346,
motivation,joint,4,2,2,online_softmax_best_arm,779.4858084149612,0.07794858084149624,0.8677756042387522,0.2284,0.9457241850802482,1.0407683765646514,6.174636056102346,
motivation,joint,4,2,2,softmax_best_arm,887.2090705898363,0.08872090705898368,0.8570032780212649,0.6667,0.9457241850802482,1.0407683765646514,6.174636056102346,
motivation,joint,4,2,2,cluster_label_router,897.3947788443401,0.08973947788443382,0.8559847071958145,0.2687,0.9457241850802482,1.0407683765646514,6.174636056102346,
motivation,joint,4,2,2,oracle,0.0,0.0,0.9457241850802482,1.0,0.9457241850802482,1.0407683765646514,6.174636056102346,
motivation,joint,4,2,2,linucb_raw_alpha_1,815.6820441354782,0.08156820441354772,0.8641559806667006,0.1757,0.9457241850802482,1.0407683765646514,6.174636056102346,1.0
motivation,joint,4,2,2,linucb_raw,815.6820441354782,0.08156820441354772,0.8641559806667006,0.1757,0.9457241850802482,1.0407683765646514,6.174636056102346,1.0
main,joint,2,0,0,uniform,585.6465031892317,0.05856465031892329,0.8860829411011913,0.254,0.9446475914201147,0.9154969784149796,6.339277766860067,
main,joint,2,0,0,epsilon_greedy,470.3461369320146,0.04703461369320115,0.8976129777269136,0.2021,0.9446475914201147,0.9154969784149796,6.339277766860067,
main,joint,2,0,0,online_softmax_best_arm,473.64610579201207,0.04736461057920108,0.8972829808409136,0.2406,0.9446475914201147,0.9154969784149796,6.339277766860067,
main,joint,2,0,0,softmax_best_arm,570.657457645849,0.05706574576458487,0.8875818456555297,0.705,0.9446475914201147,0.9154969784149796,6.339277766860067,
main,joint,2,0,0,cluster_label_router,481.93879621301954,0.048193879621301915,0.8964537117988126,0.2614,0.9446475914201147,0.9154969784149796,6.339277766860067,
main,joint,2,0,0,oracle,0.0,0.0,0.9446475914201147,1.0,0.9446475914201147,0.9154969784149796,6.339277766860067,
main,joint,2,0,0,linucb_raw_alpha_0.5,527.296330787816,0.052729633078781785,0.8919179583413326,0.2666,0.9446475914201147,0.9154969784149796,6.339277766860067,0.5
main,joint,2,0,0,linucb_raw_alpha_1,470.58150786465654,0.04705815078646563,0.8975894406336489,0.2418,0.9446475914201147,0.9154969784149796,6.339277766860067,1.0
main,joint,2,0,0,linucb_raw_alpha_2,504.85016682808083,0.05048501668280804,0.8941625747373065,0.2998,0.9446475914201147,0.9154969784149796,6.339277766860067,2.0
main,joint,2,0,0,linucb_raw_alpha_4,505.8813710615371,0.05058813710615372,0.8940594543139608,0.3044,0.9446475914201147,0.9154969784149796,6.339277766860067,4.0
main,joint,2,0,0,linucb_raw_alpha_8,549.1007370095094,0.05491007370095115,0.8897375177191634,0.2504,0.9446475914201147,0.9154969784149796,6.339277766860067,8.0
main,joint,2,0,0,linucb_raw,470.58150786465654,0.04705815078646563,0.8975894406336489,0.2418,0.9446475914201147,0.9154969784149796,6.339277766860067,1.0
main,joint,2,1,1,uniform,1118.0577564240036,0.11180577564240052,0.8512081933079673,0.2476,0.9630139689503677,1.0621178382248857,6.3193492553823525,
main,joint,2,1,1,epsilon_greedy,1004.4171898411491,0.10044171898411464,0.862572249966253,0.262,0.9630139689503677,1.0621178382248857,6.3193492553823525,
main,joint,2,1,1,online_softmax_best_arm,808.4032828361894,0.08084032828361892,0.8821736406667489,0.1535,0.9630139689503677,1.0621178382248857,6.3193492553823525,
main,joint,2,1,1,softmax_best_arm,927.603220498414,0.09276032204984146,0.8702536469005263,0.7299,0.9630139689503677,1.0621178382248857,6.3193492553823525,
main,joint,2,1,1,cluster_label_router,1040.9687111803046,0.10409687111803013,0.8589170978323375,0.358,0.9630139689503677,1.0621178382248857,6.3193492553823525,
main,joint,2,1,1,oracle,0.0,0.0,0.9630139689503677,1.0,0.9630139689503677,1.0621178382248857,6.3193492553823525,
main,joint,2,1,1,linucb_raw_alpha_0.5,769.3173397300685,0.07693173397300647,0.8860822349773615,0.2141,0.9630139689503677,1.0621178382248857,6.3193492553823525,0.5
main,joint,2,1,1,linucb_raw_alpha_1,760.3215116049106,0.07603215116049072,0.8869818177898771,0.205,0.9630139689503677,1.0621178382248857,6.3193492553823525,1.0
main,joint,2,1,1,linucb_raw_alpha_2,792.9428940767463,0.07929428940767437,0.8837196795426935,0.2926,0.9630139689503677,1.0621178382248857,6.3193492553823525,2.0
main,joint,2,1,1,linucb_raw_alpha_4,872.9164819575744,0.0872916481957574,0.8757223207546103,0.2328,0.9630139689503677,1.0621178382248857,6.3193492553823525,4.0
main,joint,2,1,1,linucb_raw_alpha_8,953.9606727872641,0.09539606727872627,0.8676179016716414,0.2603,0.9630139689503677,1.0621178382248857,6.3193492553823525,8.0
main,joint,2,1,1,linucb_raw,760.3215116049106,0.07603215116049072,0.8869818177898771,0.205,0.9630139689503677,1.0621178382248857,6.3193492553823525,1.0
main,joint,2,2,2,uniform,884.4872916713932,0.08844872916713928,0.8645292279122779,0.2567,0.9529779570794169,0.9951915267151441,6.419314115415594,
main,joint,2,2,2,epsilon_greedy,648.0412032854431,0.06480412032854438,0.8881738367508728,0.25,0.9529779570794169,0.9951915267151441,6.419314115415594,
main,joint,2,2,2,online_softmax_best_arm,653.869365124106,0.06538693651241065,0.8875910205670065,0.3939,0.9529779570794169,0.9951915267151441,6.419314115415594,
main,joint,2,2,2,softmax_best_arm,739.4246965194208,0.07394246965194219,0.8790354874274748,0.7298,0.9529779570794169,0.9951915267151441,6.419314115415594,
main,joint,2,2,2,cluster_label_router,753.2579420518284,0.07532579420518286,0.8776521628742343,0.3943,0.9529779570794169,0.9951915267151441,6.419314115415594,
main,joint,2,2,2,oracle,0.0,0.0,0.9529779570794169,1.0,0.9529779570794169,0.9951915267151441,6.419314115415594,
main,joint,2,2,2,linucb_raw_alpha_0.5,655.8885135101511,0.06558885135101507,0.8873891057284021,0.2076,0.9529779570794169,0.9951915267151441,6.419314115415594,0.5
main,joint,2,2,2,linucb_raw_alpha_1,652.5078791323225,0.06525078791323223,0.8877271691661849,0.2381,0.9529779570794169,0.9951915267151441,6.419314115415594,1.0
main,joint,2,2,2,linucb_raw_alpha_2,671.5244396401142,0.06715244396401156,0.8858255131154056,0.3023,0.9529779570794169,0.9951915267151441,6.419314115415594,2.0
main,joint,2,2,2,linucb_raw_alpha_4,697.0456384842671,0.0697045638484268,0.8832733932309902,0.3185,0.9529779570794169,0.9951915267151441,6.419314115415594,4.0
main,joint,2,2,2,linucb_raw_alpha_8,742.6881303759934,0.07426881303759919,0.8787091440418179,0.2955,0.9529779570794169,0.9951915267151441,6.419314115415594,8.0
main,joint,2,2,2,linucb_raw,652.5078791323225,0.06525078791323223,0.8877271691661849,0.2381,0.9529779570794169,0.9951915267151441,6.419314115415594,1.0
main,joint,2,3,3,uniform,761.0877146740438,0.07610877146740413,0.8739060923807972,0.247,0.9500148638482013,0.9834254483358866,6.502719366951481,
main,joint,2,3,3,epsilon_greedy,537.6789328161151,0.0537678932816116,0.8962469705665898,0.1733,0.9500148638482013,0.9834254483358866,6.502719366951481,
main,joint,2,3,3,online_softmax_best_arm,586.0676075571308,0.05860676075571298,0.8914081030924884,0.2201,0.9500148638482013,0.9834254483358866,6.502719366951481,
main,joint,2,3,3,softmax_best_arm,667.3958081494812,0.06673958081494806,0.8832752830332532,0.7424,0.9500148638482013,0.9834254483358866,6.502719366951481,
main,joint,2,3,3,cluster_label_router,651.2968684084914,0.06512968684084874,0.8848851770073527,0.2922,0.9500148638482013,0.9834254483358866,6.502719366951481,
main,joint,2,3,3,oracle,0.0,0.0,0.9500148638482013,1.0,0.9500148638482013,0.9834254483358866,6.502719366951481,
main,joint,2,3,3,linucb_raw_alpha_0.5,651.1334222841925,0.06511334222841927,0.8849015216197821,0.2515,0.9500148638482013,0.9834254483358866,6.502719366951481,0.5
main,joint,2,3,3,linucb_raw_alpha_1,632.607042983681,0.06326070429836789,0.8867541595498333,0.1132,0.9500148638482013,0.9834254483358866,6.502719366951481,1.0
main,joint,2,3,3,linucb_raw_alpha_2,592.878676929426,0.05928786769294241,0.8907269961552589,0.2919,0.9500148638482013,0.9834254483358866,6.502719366951481,2.0
main,joint,2,3,3,linucb_raw_alpha_4,639.1319034622878,0.06391319034622853,0.8861016735019727,0.2395,0.9500148638482013,0.9834254483358866,6.502719366951481,4.0
main,joint,2,3,3,linucb_raw_alpha_8,668.7517136979014,0.06687517136979002,0.8831396924784113,0.2589,0.9500148638482013,0.9834254483358866,6.502719366951481,8.0
main,joint,2,3,3,linucb_raw,632.607042983681,0.06326070429836789,0.8867541595498333,0.1132,0.9500148638482013,0.9834254483358866,6.502719366951481,1.0
main,joint,2,4,4,uniform,815.1267800087941,0.08151267800087951,0.8696133606059017,0.2533,0.9511260386067811,0.9669071666944229,6.461566492397945,
main,joint,2,4,4,epsilon_greedy,655.6399046374734,0.06556399046374727,0.885562048143034,0.1642,0.9511260386067811,0.9669071666944229,6.461566492397945,
main,joint,2,4,4,online_softmax_best_arm,647.9058877767733,0.06479058877767752,0.8863354498291035,0.2298,0.9511260386067811,0.9669071666944229,6.461566492397945,
main,joint,2,4,4,softmax_best_arm,773.3670628028511,0.07733670628028518,0.8737893323264959,0.7375,0.9511260386067811,0.9669071666944229,6.461566492397945,
main,joint,2,4,4,cluster_label_router,578.9056958172279,0.05789056958172273,0.8932354690250585,0.293,0.9511260386067811,0.9669071666944229,6.461566492397945,
main,joint,2,4,4,oracle,0.0,0.0,0.9511260386067811,1.0,0.9511260386067811,0.9669071666944229,6.461566492397945,
main,joint,2,4,4,linucb_raw_alpha_0.5,628.1055542604554,0.06281055542604558,0.8883154831807356,0.3931,0.9511260386067811,0.9669071666944229,6.461566492397945,0.5
main,joint,2,4,4,linucb_raw_alpha_1,619.4051483835781,0.06194051483835792,0.8891855237684231,0.3854,0.9511260386067811,0.9669071666944229,6.461566492397945,1.0
main,joint,2,4,4,linucb_raw_alpha_2,609.3100258235769,0.06093100258235765,0.8901950360244235,0.2837,0.9511260386067811,0.9669071666944229,6.461566492397945,2.0
main,joint,2,4,4,linucb_raw_alpha_4,681.272185834701,0.06812721858347001,0.8829988200233112,0.2648,0.9511260386067811,0.9669071666944229,6.461566492397945,4.0
main,joint,2,4,4,linucb_raw_alpha_8,720.8019229189938,0.07208019229189909,0.8790458463148819,0.2414,0.9511260386067811,0.9669071666944229,6.461566492397945,8.0
main,joint,2,4,4,linucb_raw,619.4051483835781,0.06194051483835792,0.8891855237684231,0.3854,0.9511260386067811,0.9669071666944229,6.461566492397945,1.0
main,joint,4,0,0,uniform,841.2903294878603,0.08412903294878599,0.8560009501124721,0.2538,0.9401299830612581,1.058489726032462,6.315705830909197,
main,joint,4,0,0,epsilon_greedy,600.6605408152807,0.060066054081528285,0.8800639289797298,0.0735,0.9401299830612581,1.058489726032462,6.315705830909197,
main,joint,4,0,0,online_softmax_best_arm,640.7482878501365,0.06407482878501397,0.8760551542762441,0.1174,0.9401299830612581,1.058489726032462,6.315705830909197,
main,joint,4,0,0,softmax_best_arm,909.6939903569273,0.09096939903569255,0.8491605840255656,0.6784,0.9401299830612581,1.058489726032462,6.315705830909197,
main,joint,4,0,0,cluster_label_router,737.0620228041397,0.07370620228041384,0.8664237807808443,0.3343,0.9401299830612581,1.058489726032462,6.315705830909197,
main,joint,4,0,0,oracle,0.0,0.0,0.9401299830612581,1.0,0.9401299830612581,1.058489726032462,6.315705830909197,
main,joint,4,0,0,linucb_raw_alpha_0.5,677.038719186614,0.06770387191866152,0.8724261111425965,0.2017,0.9401299830612581,1.058489726032462,6.315705830909197,0.5
main,joint,4,0,0,linucb_raw_alpha_1,682.5140566729578,0.06825140566729601,0.871878577393962,0.1959,0.9401299830612581,1.058489726032462,6.315705830909197,1.0
main,joint,4,0,0,linucb_raw_alpha_2,657.254505732705,0.06572545057327055,0.8744045324879877,0.2028,0.9401299830612581,1.058489726032462,6.315705830909197,2.0
main,joint,4,0,0,linucb_raw_alpha_4,672.5659659515164,0.06725659659515168,0.8728733864661065,0.2101,0.9401299830612581,1.058489726032462,6.315705830909197,4.0
main,joint,4,0,0,linucb_raw_alpha_8,724.283367255243,0.07242833672552455,0.8677016463357337,0.212,0.9401299830612581,1.058489726032462,6.315705830909197,8.0
main,joint,4,0,0,linucb_raw,682.5140566729578,0.06825140566729601,0.871878577393962,0.1959,0.9401299830612581,1.058489726032462,6.315705830909197,1.0
main,joint,4,1,1,uniform,1036.7617029771425,0.10367617029771423,0.8457563239780862,0.2511,0.9494324942758001,1.1745860348841548,6.2287626510056775,
main,joint,4,1,1,epsilon_greedy,818.0720769701768,0.08180720769701767,0.8676252865787827,0.227,0.9494324942758001,1.1745860348841548,6.2287626510056775,
main,joint,4,1,1,online_softmax_best_arm,815.2648558068056,0.08152648558068061,0.8679060086951198,0.2207,0.9494324942758001,1.1745860348841548,6.2287626510056775,
main,joint,4,1,1,softmax_best_arm,1037.0338513303545,0.10370338513303577,0.8457291091427646,0.6652,0.9494324942758001,1.1745860348841548,6.2287626510056775,
main,joint,4,1,1,cluster_label_router,886.0617018525612,0.08860617018525611,0.8608263240905443,0.3399,0.9494324942758001,1.1745860348841548,6.2287626510056775,
main,joint,4,1,1,oracle,0.0,0.0,0.9494324942758001,1.0,0.9494324942758001,1.1745860348841548,6.2287626510056775,
main,joint,4,1,1,linucb_raw_alpha_0.5,852.9777433012595,0.08529777433012573,0.8641347199456746,0.1731,0.9494324942758001,1.1745860348841548,6.2287626510056775,0.5
main,joint,4,1,1,linucb_raw_alpha_1,802.23884793662,0.08022388479366163,0.8692086094821386,0.2148,0.9494324942758001,1.1745860348841548,6.2287626510056775,1.0
main,joint,4,1,1,linucb_raw_alpha_2,844.4866288341607,0.08444866288341596,0.8649838313923844,0.1699,0.9494324942758001,1.1745860348841548,6.2287626510056775,2.0
main,joint,4,1,1,linucb_raw_alpha_4,870.6121176710899,0.08706121176710878,0.8623712825086918,0.2494,0.9494324942758001,1.1745860348841548,6.2287626510056775,4.0
main,joint,4,1,1,linucb_raw_alpha_8,925.9701313610855,0.09259701313610866,0.8568354811396918,0.2462,0.9494324942758001,1.1745860348841548,6.2287626510056775,8.0
main,joint,4,1,1,linucb_raw,802.23884793662,0.08022388479366163,0.8692086094821386,0.2148,0.9494324942758001,1.1745860348841548,6.2287626510056775,1.0
main,joint,4,2,2,uniform,917.3795256061512,0.09173795256061525,0.8539862325196331,0.2497,0.9457241850802482,1.0407683765646514,6.174636056102346,
main,joint,4,2,2,epsilon_greedy,833.1084308640424,0.0833108430864041,0.8624133419938443,0.2377,0.9457241850802482,1.0407683765646514,6.174636056102346,
main,joint,4,2,2,online_softmax_best_arm,779.4858084149612,0.07794858084149624,0.8677756042387522,0.2284,0.9457241850802482,1.0407683765646514,6.174636056102346,
main,joint,4,2,2,softmax_best_arm,887.2090705898363,0.08872090705898368,0.8570032780212649,0.6667,0.9457241850802482,1.0407683765646514,6.174636056102346,
main,joint,4,2,2,cluster_label_router,897.3947788443401,0.08973947788443382,0.8559847071958145,0.2687,0.9457241850802482,1.0407683765646514,6.174636056102346,
main,joint,4,2,2,oracle,0.0,0.0,0.9457241850802482,1.0,0.9457241850802482,1.0407683765646514,6.174636056102346,
main,joint,4,2,2,linucb_raw_alpha_0.5,746.2041465307736,0.07462041465307777,0.8711037704271705,0.2611,0.9457241850802482,1.0407683765646514,6.174636056102346,0.5
main,joint,4,2,2,linucb_raw_alpha_1,815.6820441354782,0.08156820441354772,0.8641559806667006,0.1757,0.9457241850802482,1.0407683765646514,6.174636056102346,1.0
main,joint,4,2,2,linucb_raw_alpha_2,767.9282554924941,0.07679282554924985,0.8689313595309986,0.2446,0.9457241850802482,1.0407683765646514,6.174636056102346,2.0
main,joint,4,2,2,linucb_raw_alpha_4,797.3387675484928,0.07973387675484933,0.865990308325399,0.2284,0.9457241850802482,1.0407683765646514,6.174636056102346,4.0
main,joint,4,2,2,linucb_raw_alpha_8,824.013570880269,0.08240135708802691,0.8633228279922216,0.2361,0.9457241850802482,1.0407683765646514,6.174636056102346,8.0
main,joint,4,2,2,linucb_raw,815.6820441354782,0.08156820441354772,0.8641559806667006,0.1757,0.9457241850802482,1.0407683765646514,6.174636056102346,1.0
main,joint,4,3,3,uniform,971.6179229069004,0.09716179229068987,0.849922219365598,0.2407,0.9470840116562879,1.041669488434064,6.37601525490978,
main,joint,4,3,3,epsilon_greedy,680.3296615126129,0.06803296615126125,0.8790510455050266,0.1412,0.9470840116562879,1.041669488434064,6.37601525490978,
main,joint,4,3,3,online_softmax_best_arm,688.9835020409228,0.06889835020409218,0.8781856614521956,0.1601,0.9470840116562879,1.041669488434064,6.37601525490978,
main,joint,4,3,3,softmax_best_arm,876.223548797732,0.08762235487977311,0.8594616567765146,0.6703,0.9470840116562879,1.041669488434064,6.37601525490978,
main,joint,4,3,3,cluster_label_router,1163.7078597300435,0.11637078597300488,0.8307132256832829,0.1199,0.9470840116562879,1.041669488434064,6.37601525490978,
main,joint,4,3,3,oracle,0.0,0.0,0.9470840116562879,1.0,0.9470840116562879,1.041669488434064,6.37601525490978,
main,joint,4,3,3,linucb_raw_alpha_0.5,715.5708447181372,0.0715570844718133,0.8755269271844743,0.2413,0.9470840116562879,1.041669488434064,6.37601525490978,0.5
main,joint,4,3,3,linucb_raw_alpha_1,692.1839978348947,0.06921839978348951,0.8778656118727984,0.184,0.9470840116562879,1.041669488434064,6.37601525490978,1.0
main,joint,4,3,3,linucb_raw_alpha_2,725.7623600656295,0.0725762360065628,0.8745077756497248,0.3531,0.9470840116562879,1.041669488434064,6.37601525490978,2.0
main,joint,4,3,3,linucb_raw_alpha_4,740.9283612257707,0.07409283612257685,0.8729911755337109,0.2205,0.9470840116562879,1.041669488434064,6.37601525490978,4.0
main,joint,4,3,3,linucb_raw_alpha_8,796.0029700524723,0.07960029700524705,0.8674837146510407,0.2386,0.9470840116562879,1.041669488434064,6.37601525490978,8.0
main,joint,4,3,3,linucb_raw,692.1839978348947,0.06921839978348951,0.8778656118727984,0.184,0.9470840116562879,1.041669488434064,6.37601525490978,1.0
main,joint,4,4,4,uniform,885.643591538843,0.08856435915388415,0.8550945432090133,0.252,0.9436589023628974,1.026930198121676,5.985583453966202,
main,joint,4,4,4,epsilon_greedy,647.935484485314,0.06479354844853141,0.8788653539143663,0.1569,0.9436589023628974,1.026930198121676,5.985583453966202,
main,joint,4,4,4,online_softmax_best_arm,642.3635296829508,0.06423635296829507,0.8794225493946025,0.132,0.9436589023628974,1.026930198121676,5.985583453966202,
main,joint,4,4,4,softmax_best_arm,922.8156147111009,0.09228156147111018,0.8513773408917874,0.6958,0.9436589023628974,1.026930198121676,5.985583453966202,
main,joint,4,4,4,cluster_label_router,1101.7822490845213,0.11017822490845235,0.8334806774544451,0.1079,0.9436589023628974,1.026930198121676,5.985583453966202,
main,joint,4,4,4,oracle,0.0,0.0,0.9436589023628974,1.0,0.9436589023628974,1.026930198121676,5.985583453966202,
main,joint,4,4,4,linucb_raw_alpha_0.5,748.3986623018286,0.0748398662301826,0.8688190361327149,0.231,0.9436589023628974,1.026930198121676,5.985583453966202,0.5
main,joint,4,4,4,linucb_raw_alpha_1,734.9422097748809,0.0734942209774878,0.8701646813854098,0.2171,0.9436589023628974,1.026930198121676,5.985583453966202,1.0
main,joint,4,4,4,linucb_raw_alpha_2,684.3830284268751,0.06843830284268754,0.8752205995202101,0.2304,0.9436589023628974,1.026930198121676,5.985583453966202,2.0
main,joint,4,4,4,linucb_raw_alpha_4,712.6429756530835,0.07126429756530833,0.8723946047975892,0.234,0.9436589023628974,1.026930198121676,5.985583453966202,4.0
main,joint,4,4,4,linucb_raw_alpha_8,760.7100754165191,0.07607100754165208,0.8675878948212454,0.2557,0.9436589023628974,1.026930198121676,5.985583453966202,8.0
main,joint,4,4,4,linucb_raw,734.9422097748809,0.0734942209774878,0.8701646813854098,0.2171,0.9436589023628974,1.026930198121676,5.985583453966202,1.0
main,joint,8,0,0,uniform,968.9291069469626,0.09689291069469609,0.8493390404968463,0.2482,0.9462319511915422,1.105535448832934,6.231278162744171,
main,joint,8,0,0,epsilon_greedy,763.5429547140611,0.07635429547140594,0.8698776557201363,0.1908,0.9462319511915422,1.105535448832934,6.231278162744171,
main,joint,8,0,0,online_softmax_best_arm,778.9590973457572,0.07789590973457561,0.8683360414569666,0.25,0.9462319511915422,1.105535448832934,6.231278162744171,
main,joint,8,0,0,softmax_best_arm,930.3857573306993,0.09303857573306995,0.8531933754584723,0.6292,0.9462319511915422,1.105535448832934,6.231278162744171,
main,joint,8,0,0,cluster_label_router,982.3297162030085,0.09823297162030062,0.8479989795712416,0.1407,0.9462319511915422,1.105535448832934,6.231278162744171,
main,joint,8,0,0,oracle,0.0,0.0,0.9462319511915422,1.0,0.9462319511915422,1.105535448832934,6.231278162744171,
main,joint,8,0,0,linucb_raw_alpha_0.5,801.6084756166078,0.08016084756166092,0.8660711036298814,0.4753,0.9462319511915422,1.105535448832934,6.231278162744171,0.5
main,joint,8,0,0,linucb_raw_alpha_1,772.1333272988643,0.07721333272988637,0.869018618461656,0.253,0.9462319511915422,1.105535448832934,6.231278162744171,1.0
main,joint,8,0,0,linucb_raw_alpha_2,779.2822376808947,0.0779282237680895,0.8683037274234529,0.2374,0.9462319511915422,1.105535448832934,6.231278162744171,2.0
main,joint,8,0,0,linucb_raw_alpha_4,791.7149530438537,0.07917149530438546,0.8670604558871567,0.2176,0.9462319511915422,1.105535448832934,6.231278162744171,4.0
main,joint,8,0,0,linucb_raw_alpha_8,845.1468790227634,0.08451468790227644,0.861717263289266,0.2397,0.9462319511915422,1.105535448832934,6.231278162744171,8.0
main,joint,8,0,0,linucb_raw,772.1333272988643,0.07721333272988637,0.869018618461656,0.253,0.9462319511915422,1.105535448832934,6.231278162744171,1.0
main,joint,8,1,1,uniform,1068.236124834686,0.10682361248346847,0.840474736431651,0.2515,0.9472983489151197,1.1724404701294562,6.442636275354468,
main,joint,8,1,1,epsilon_greedy,836.2707162443814,0.08362707162443833,0.8636712772906813,0.1736,0.9472983489151197,1.1724404701294562,6.442636275354468,
main,joint,8,1,1,online_softmax_best_arm,819.5108904591386,0.08195108904591382,0.8653472598692058,0.212,0.9472983489151197,1.1724404701294562,6.442636275354468,
main,joint,8,1,1,softmax_best_arm,1000.2948542547088,0.10002948542547078,0.8472688634896489,0.5946,0.9472983489151197,1.1724404701294562,6.442636275354468,
main,joint,8,1,1,cluster_label_router,1162.3639389885006,0.11623639389884993,0.8310619550162697,0.3446,0.9472983489151197,1.1724404701294562,6.442636275354468,
main,joint,8,1,1,oracle,0.0,0.0,0.9472983489151197,1.0,0.9472983489151197,1.1724404701294562,6.442636275354468,
main,joint,8,1,1,linucb_raw_alpha_0.5,792.6498168024028,0.07926498168024039,0.8680333672348792,0.2478,0.9472983489151197,1.1724404701294562,6.442636275354468,0.5
main,joint,8,1,1,linucb_raw_alpha_1,842.360522383451,0.08423605223834522,0.8630622966767744,0.1833,0.9472983489151197,1.1724404701294562,6.442636275354468,1.0
main,joint,8,1,1,linucb_raw_alpha_2,830.446967252937,0.08304469672529367,0.8642536521898259,0.3104,0.9472983489151197,1.1724404701294562,6.442636275354468,2.0
main,joint,8,1,1,linucb_raw_alpha_4,837.4505349514541,0.0837450534951455,0.8635532954199742,0.2771,0.9472983489151197,1.1724404701294562,6.442636275354468,4.0
main,joint,8,1,1,linucb_raw_alpha_8,898.4380544602868,0.08984380544602856,0.857454543469091,0.2448,0.9472983489151197,1.1724404701294562,6.442636275354468,8.0
main,joint,8,1,1,linucb_raw,842.360522383451,0.08423605223834522,0.8630622966767744,0.1833,0.9472983489151197,1.1724404701294562,6.442636275354468,1.0
main,joint,8,2,2,uniform,1147.3776421015932,0.11473776421015969,0.8373902092739163,0.2471,0.9521279734840759,1.1170586835523684,6.200619197076303,
main,joint,8,2,2,epsilon_greedy,940.4893653662805,0.09404893653662812,0.8580790369474478,0.2118,0.9521279734840759,1.1170586835523684,6.200619197076303,
main,joint,8,2,2,online_softmax_best_arm,812.4625372055351,0.08124625372055339,0.8708817197635225,0.3069,0.9521279734840759,1.1170586835523684,6.200619197076303,
main,joint,8,2,2,softmax_best_arm,1041.3328943454974,0.10413328943454987,0.847994684049526,0.6407,0.9521279734840759,1.1170586835523684,6.200619197076303,
main,joint,8,2,2,cluster_label_router,1063.3734699524373,0.10633734699524348,0.8457906264888324,0.1139,0.9521279734840759,1.1170586835523684,6.200619197076303,
main,joint,8,2,2,oracle,0.0,0.0,0.9521279734840759,1.0,0.9521279734840759,1.1170586835523684,6.200619197076303,
main,joint,8,2,2,linucb_raw_alpha_0.5,804.1476495976304,0.08041476495976307,0.8717132085243129,0.3142,0.9521279734840759,1.1170586835523684,6.200619197076303,0.5
main,joint,8,2,2,linucb_raw_alpha_1,801.2269023854341,0.08012269023854351,0.8720052832455325,0.259,0.9521279734840759,1.1170586835523684,6.200619197076303,1.0
main,joint,8,2,2,linucb_raw_alpha_2,817.9878476774512,0.08179878476774534,0.8703291887163307,0.2547,0.9521279734840759,1.1170586835523684,6.200619197076303,2.0
main,joint,8,2,2,linucb_raw_alpha_4,864.3112676020243,0.08643112676020252,0.8656968467238734,0.2118,0.9521279734840759,1.1170586835523684,6.200619197076303,4.0
main,joint,8,2,2,linucb_raw_alpha_8,950.2575358236683,0.09502575358236673,0.8571022199017094,0.2505,0.9521279734840759,1.1170586835523684,6.200619197076303,8.0
main,joint,8,2,2,linucb_raw,801.2269023854341,0.08012269023854351,0.8720052832455325,0.259,0.9521279734840759,1.1170586835523684,6.200619197076303,1.0
main,joint,8,3,3,uniform,1073.0864848026001,0.10730864848026042,0.840693004582758,0.2536,0.9480016530630182,1.1339764960839203,6.147716468103845,
main,joint,8,3,3,epsilon_greedy,896.9326447223411,0.08969326447223423,0.858308388590784,0.1572,0.9480016530630182,1.1339764960839203,6.147716468103845,
main,joint,8,3,3,online_softmax_best_arm,816.4531188364024,0.0816453118836402,0.8663563411793781,0.226,0.9480016530630182,1.1339764960839203,6.147716468103845,
main,joint,8,3,3,softmax_best_arm,983.8172182104374,0.09838172182104384,0.8496199312419743,0.6443,0.9480016530630182,1.1339764960839203,6.147716468103845,
main,joint,8,3,3,cluster_label_router,1047.3761535057283,0.10473761535057328,0.8432640377124452,0.2684,0.9480016530630182,1.1339764960839203,6.147716468103845,
main,joint,8,3,3,oracle,0.0,0.0,0.9480016530630182,1.0,0.9480016530630182,1.1339764960839203,6.147716468103845,
main,joint,8,3,3,linucb_raw_alpha_0.5,831.1238475324712,0.08311238475324687,0.8648892683097714,0.2855,0.9480016530630182,1.1339764960839203,6.147716468103845,0.5
main,joint,8,3,3,linucb_raw_alpha_1,808.1213113452989,0.0808121311345298,0.8671895219284884,0.3909,0.9480016530630182,1.1339764960839203,6.147716468103845,1.0
main,joint,8,3,3,linucb_raw_alpha_2,829.8258321331685,0.0829825832133166,0.8650190698497018,0.315,0.9480016530630182,1.1339764960839203,6.147716468103845,2.0
main,joint,8,3,3,linucb_raw_alpha_4,870.8445830701403,0.0870844583070141,0.8609171947560043,0.3024,0.9480016530630182,1.1339764960839203,6.147716468103845,4.0
main,joint,8,3,3,linucb_raw_alpha_8,922.4668593098622,0.09224668593098627,0.8557549671320321,0.2654,0.9480016530630182,1.1339764960839203,6.147716468103845,8.0
main,joint,8,3,3,linucb_raw,808.1213113452989,0.0808121311345298,0.8671895219284884,0.3909,0.9480016530630182,1.1339764960839203,6.147716468103845,1.0
main,joint,8,4,4,uniform,980.6019676738193,0.09806019676738212,0.8499085326944176,0.2536,0.9479687294617998,1.04500131398524,6.060162891865166,
main,joint,8,4,4,epsilon_greedy,781.7571045604341,0.07817571045604357,0.8697930190057561,0.1176,0.9479687294617998,1.04500131398524,6.060162891865166,
main,joint,8,4,4,online_softmax_best_arm,801.2358884392287,0.08012358884392289,0.8678451406178767,0.1842,0.9479687294617998,1.04500131398524,6.060162891865166,
main,joint,8,4,4,softmax_best_arm,881.4319355950847,0.08814319355950859,0.859825535902291,0.6537,0.9479687294617998,1.04500131398524,6.060162891865166,
main,joint,8,4,4,cluster_label_router,1017.6336991198086,0.10176336991198091,0.8462053595498188,0.2877,0.9479687294617998,1.04500131398524,6.060162891865166,
main,joint,8,4,4,oracle,0.0,0.0,0.9479687294617998,1.0,0.9479687294617998,1.04500131398524,6.060162891865166,
main,joint,8,4,4,linucb_raw_alpha_0.5,830.6816898972223,0.08306816898972234,0.8649005604720773,0.5439,0.9479687294617998,1.04500131398524,6.060162891865166,0.5
main,joint,8,4,4,linucb_raw_alpha_1,808.344548672871,0.08083445486728696,0.8671342745945126,0.3586,0.9479687294617998,1.04500131398524,6.060162891865166,1.0
main,joint,8,4,4,linucb_raw_alpha_2,798.3077815558148,0.07983077815558168,0.8681379513062181,0.2565,0.9479687294617998,1.04500131398524,6.060162891865166,2.0
main,joint,8,4,4,linucb_raw_alpha_4,842.9302383159778,0.08429302383159777,0.863675705630202,0.2338,0.9479687294617998,1.04500131398524,6.060162891865166,4.0
main,joint,8,4,4,linucb_raw_alpha_8,886.81692408681,0.08868169240868112,0.8592870370531186,0.2836,0.9479687294617998,1.04500131398524,6.060162891865166,8.0
main,joint,8,4,4,linucb_raw,808.344548672871,0.08083445486728696,0.8671342745945126,0.3586,0.9479687294617998,1.04500131398524,6.060162891865166,1.0
main,joint,16,0,0,uniform,963.6242600557579,0.09636242600557585,0.8515950257767694,0.2482,0.947957451782345,1.0928209168333085,6.264979556558758,
main,joint,16,0,0,epsilon_greedy,873.0929570177527,0.08730929570177505,0.86064815608057,0.244,0.947957451782345,1.0928209168333085,6.264979556558758,
main,joint,16,0,0,online_softmax_best_arm,795.8800506024326,0.07958800506024329,0.8683694467221019,0.2946,0.947957451782345,1.0928209168333085,6.264979556558758,
main,joint,16,0,0,softmax_best_arm,905.8920817693756,0.09058920817693765,0.8573682436054074,0.616,0.947957451782345,1.0928209168333085,6.264979556558758,
main,joint,16,0,0,cluster_label_router,1074.3145090550559,0.1074314509055058,0.8405260008768393,0.1593,0.947957451782345,1.0928209168333085,6.264979556558758,
main,joint,16,0,0,oracle,0.0,0.0,0.947957451782345,1.0,0.947957451782345,1.0928209168333085,6.264979556558758,
main,joint,16,0,0,linucb_raw_alpha_0.5,770.735776765111,0.07707357767651112,0.870883874105834,0.3928,0.947957451782345,1.0928209168333085,6.264979556558758,0.5
main,joint,16,0,0,linucb_raw_alpha_1,783.9966838728964,0.0783996683872897,0.8695577833950554,0.2762,0.947957451782345,1.0928209168333085,6.264979556558758,1.0
main,joint,16,0,0,linucb_raw_alpha_2,779.8343615500185,0.07798343615500176,0.8699740156273434,0.3241,0.947957451782345,1.0928209168333085,6.264979556558758,2.0
main,joint,16,0,0,linucb_raw_alpha_4,814.155503329141,0.08141555033291398,0.8665419014494311,0.3055,0.947957451782345,1.0928209168333085,6.264979556558758,4.0
main,joint,16,0,0,linucb_raw_alpha_8,845.6390432165641,0.08456390432165645,0.8633935474606887,0.2826,0.947957451782345,1.0928209168333085,6.264979556558758,8.0
main,joint,16,0,0,linucb_raw,783.9966838728964,0.0783996683872897,0.8695577833950554,0.2762,0.947957451782345,1.0928209168333085,6.264979556558758,1.0
main,joint,16,1,1,uniform,1352.4753460512984,0.13524753460512903,0.8159292648962468,0.2523,0.9511767995013759,1.366753545844809,6.582025079568452,
main,joint,16,1,1,epsilon_greedy,1233.1817636889355,0.12331817636889364,0.8278586231324822,0.2243,0.9511767995013759,1.366753545844809,6.582025079568452,
main,joint,16,1,1,online_softmax_best_arm,980.6551979772823,0.09806551979772803,0.853111279703648,0.2604,0.9511767995013759,1.366753545844809,6.582025079568452,
main,joint,16,1,1,softmax_best_arm,1207.8929658108718,0.12078929658108696,0.8303875029202888,0.5477,0.9511767995013759,1.366753545844809,6.582025079568452,
main,joint,16,1,1,cluster_label_router,1103.5442498410512,0.11035442498410525,0.8408223745172705,0.2967,0.9511767995013759,1.366753545844809,6.582025079568452,
main,joint,16,1,1,oracle,0.0,0.0,0.9511767995013759,1.0,0.9511767995013759,1.366753545844809,6.582025079568452,
main,joint,16,1,1,linucb_raw_alpha_0.5,929.24228679401,0.09292422867940103,0.8582525708219748,0.3149,0.9511767995013759,1.366753545844809,6.582025079568452,0.5
main,joint,16,1,1,linucb_raw_alpha_1,945.2868978789459,0.09452868978789464,0.8566481097134813,0.3505,0.9511767995013759,1.366753545844809,6.582025079568452,1.0
main,joint,16,1,1,linucb_raw_alpha_2,931.8458179829596,0.093184581798296,0.85799221770308,0.3229,0.9511767995013759,1.366753545844809,6.582025079568452,2.0
main,joint,16,1,1,linucb_raw_alpha_4,934.3496013765376,0.09343496013765373,0.8577418393637221,0.3037,0.9511767995013759,1.366753545844809,6.582025079568452,4.0
main,joint,16,1,1,linucb_raw_alpha_8,995.4176955191301,0.09954176955191295,0.8516350299494628,0.2786,0.9511767995013759,1.366753545844809,6.582025079568452,8.0
main,joint,16,1,1,linucb_raw,945.2868978789459,0.09452868978789464,0.8566481097134813,0.3505,0.9511767995013759,1.366753545844809,6.582025079568452,1.0
main,joint,16,2,2,uniform,1098.2924444255732,0.10982924444255741,0.8406203194205576,0.254,0.950449563863115,1.1274593852400552,6.194775067641774,
main,joint,16,2,2,epsilon_greedy,1063.121084187077,0.10631210841870775,0.8441374554444072,0.2489,0.950449563863115,1.1274593852400552,6.194775067641774,
main,joint,16,2,2,online_softmax_best_arm,877.141700757438,0.08771417007574382,0.8627353937873712,0.2987,0.950449563863115,1.1274593852400552,6.194775067641774,
main,joint,16,2,2,softmax_best_arm,1003.9620581603671,0.10039620581603674,0.8500533580470783,0.6069,0.950449563863115,1.1274593852400552,6.194775067641774,
main,joint,16,2,2,cluster_label_router,1054.5392477192686,0.10545392477192693,0.844995639091188,0.2355,0.950449563863115,1.1274593852400552,6.194775067641774,
main,joint,16,2,2,oracle,0.0,0.0,0.950449563863115,1.0,0.950449563863115,1.1274593852400552,6.194775067641774,
main,joint,16,2,2,linucb_raw_alpha_0.5,862.1337465131801,0.08621337465131791,0.8642361892117971,0.3673,0.950449563863115,1.1274593852400552,6.194775067641774,0.5
main,joint,16,2,2,linucb_raw_alpha_1,855.5308711149606,0.08555308711149594,0.8648964767516191,0.3418,0.950449563863115,1.1274593852400552,6.194775067641774,1.0
main,joint,16,2,2,linucb_raw_alpha_2,855.4132533167327,0.08554132533167322,0.8649082385314419,0.3018,0.950449563863115,1.1274593852400552,6.194775067641774,2.0
main,joint,16,2,2,linucb_raw_alpha_4,878.9889371403721,0.0878988937140372,0.862550670149078,0.2904,0.950449563863115,1.1274593852400552,6.194775067641774,4.0
main,joint,16,2,2,linucb_raw_alpha_8,917.6094292412544,0.09176094292412525,0.8586886209389899,0.2673,0.950449563863115,1.1274593852400552,6.194775067641774,8.0
main,joint,16,2,2,linucb_raw,855.5308711149606,0.08555308711149594,0.8648964767516191,0.3418,0.950449563863115,1.1274593852400552,6.194775067641774,1.0
main,joint,16,3,3,uniform,1111.4192511131862,0.11114192511131842,0.8415093058985212,0.2539,0.9526512310098396,1.1803160276042832,6.171375237552477,
main,joint,16,3,3,epsilon_greedy,1063.5873312389149,0.10635873312389113,0.8462924978859484,0.219,0.9526512310098396,1.1803160276042832,6.171375237552477,
main,joint,16,3,3,online_softmax_best_arm,935.853671181183,0.09358536711811846,0.8590658638917211,0.23,0.9526512310098396,1.1803160276042832,6.171375237552477,
main,joint,16,3,3,softmax_best_arm,1073.433463054267,0.10734334630542651,0.8453078847044133,0.5894,0.9526512310098396,1.1803160276042832,6.171375237552477,
main,joint,16,3,3,cluster_label_router,1001.9995081343334,0.1001999508134333,0.8524512801964064,0.4001,0.9526512310098396,1.1803160276042832,6.171375237552477,
main,joint,16,3,3,oracle,0.0,0.0,0.9526512310098396,1.0,0.9526512310098396,1.1803160276042832,6.171375237552477,
main,joint,16,3,3,linucb_raw_alpha_0.5,888.5305556079066,0.08885305556079089,0.8637981754490489,0.1721,0.9526512310098396,1.1803160276042832,6.171375237552477,0.5
main,joint,16,3,3,linucb_raw_alpha_1,915.9518446730153,0.09159518446730178,0.861056046542538,0.2626,0.9526512310098396,1.1803160276042832,6.171375237552477,1.0
main,joint,16,3,3,linucb_raw_alpha_2,900.1214144201662,0.09001214144201693,0.8626390895678226,0.1907,0.9526512310098396,1.1803160276042832,6.171375237552477,2.0
main,joint,16,3,3,linucb_raw_alpha_4,929.1254750443139,0.09291254750443159,0.8597386835054082,0.2029,0.9526512310098396,1.1803160276042832,6.171375237552477,4.0
main,joint,16,3,3,linucb_raw_alpha_8,968.0282723762409,0.09680282723762418,0.8558484037722155,0.2229,0.9526512310098396,1.1803160276042832,6.171375237552477,8.0
main,joint,16,3,3,linucb_raw,915.9518446730153,0.09159518446730178,0.861056046542538,0.2626,0.9526512310098396,1.1803160276042832,6.171375237552477,1.0
main,joint,16,4,4,uniform,1042.127260242881,0.10421272602428829,0.8416049042145755,0.2476,0.9458176302388638,1.0388368709253815,6.095519620842999,
main,joint,16,4,4,epsilon_greedy,795.1748964846477,0.07951748964846486,0.866300140590399,0.1939,0.9458176302388638,1.0388368709253815,6.095519620842999,
main,joint,16,4,4,online_softmax_best_arm,817.433154373926,0.08174331543739252,0.8640743148014713,0.2319,0.9458176302388638,1.0388368709253815,6.095519620842999,
main,joint,16,4,4,softmax_best_arm,897.2674869174633,0.08972674869174636,0.8560908815471172,0.5924,0.9458176302388638,1.0388368709253815,6.095519620842999,
main,joint,16,4,4,cluster_label_router,904.4641435015507,0.09044641435015499,0.8553712158887087,0.2359,0.9458176302388638,1.0388368709253815,6.095519620842999,
main,joint,16,4,4,oracle,0.0,0.0,0.9458176302388638,1.0,0.9458176302388638,1.0388368709253815,6.095519620842999,
main,joint,16,4,4,linucb_raw_alpha_0.5,739.7979777988882,0.0739797977798887,0.8718378324589751,0.3359,0.9458176302388638,1.0388368709253815,6.095519620842999,0.5
main,joint,16,4,4,linucb_raw_alpha_1,738.7120487666244,0.07387120487666221,0.8719464253622012,0.3332,0.9458176302388638,1.0388368709253815,6.095519620842999,1.0
main,joint,16,4,4,linucb_raw_alpha_2,758.4068087703137,0.07584068087703115,0.8699769493618326,0.3078,0.9458176302388638,1.0388368709253815,6.095519620842999,2.0
main,joint,16,4,4,linucb_raw_alpha_4,803.8262614463098,0.08038262614463085,0.8654350040942329,0.353,0.9458176302388638,1.0388368709253815,6.095519620842999,4.0
main,joint,16,4,4,linucb_raw_alpha_8,838.4744977504713,0.08384744977504685,0.8619701804638169,0.2831,0.9458176302388638,1.0388368709253815,6.095519620842999,8.0
main,joint,16,4,4,linucb_raw,738.7120487666244,0.07387120487666221,0.8719464253622012,0.3332,0.9458176302388638,1.0388368709253815,6.095519620842999,1.0
main,joint,32,0,0,uniform,1216.7971800719463,0.1216797180071943,0.8328537748359333,0.2558,0.9545334928431277,1.2296507093707691,6.334468033482626,
main,joint,32,0,0,epsilon_greedy,1081.1267017752803,0.10811267017752767,0.8464208226655999,0.2407,0.9545334928431277,1.2296507093707691,6.334468033482626,
main,joint,32,0,0,online_softmax_best_arm,953.4967813330212,0.095349678133302,0.8591838147098255,0.2513,0.9545334928431277,1.2296507093707691,6.334468033482626,
main,joint,32,0,0,softmax_best_arm,1134.5274586391076,0.11345274586391033,0.8410807469792173,0.5226,0.9545334928431277,1.2296507093707691,6.334468033482626,
main,joint,32,0,0,cluster_label_router,1361.395583229646,0.1361395583229642,0.8183939345201634,0.172,0.9545334928431277,1.2296507093707691,6.334468033482626,
main,joint,32,0,0,oracle,0.0,0.0,0.9545334928431277,1.0,0.9545334928431277,1.2296507093707691,6.334468033482626,
main,joint,32,0,0,linucb_raw_alpha_0.5,937.299211213438,0.09372992112134398,0.8608035717217838,0.2209,0.9545334928431277,1.2296507093707691,6.334468033482626,0.5
main,joint,32,0,0,linucb_raw_alpha_1,928.5079229366428,0.0928507922936646,0.8616827005494629,0.3084,0.9545334928431277,1.2296507093707691,6.334468033482626,1.0
main,joint,32,0,0,linucb_raw_alpha_2,947.8905474422388,0.09478905474422418,0.8597444380989034,0.314,0.9545334928431277,1.2296507093707691,6.334468033482626,2.0
main,joint,32,0,0,linucb_raw_alpha_4,932.1282804827279,0.09321282804827304,0.8613206647948547,0.299,0.9545334928431277,1.2296507093707691,6.334468033482626,4.0
main,joint,32,0,0,linucb_raw_alpha_8,981.3477863805891,0.0981347786380591,0.8563987142050686,0.2777,0.9545334928431277,1.2296507093707691,6.334468033482626,8.0
main,joint,32,0,0,linucb_raw,928.5079229366428,0.0928507922936646,0.8616827005494629,0.3084,0.9545334928431277,1.2296507093707691,6.334468033482626,1.0
main,joint,32,1,1,uniform,1551.4735788123635,0.15514735788123668,0.8090141672059175,0.2573,0.9641615250871542,1.209023229959691,6.582308430322998,
main,joint,32,1,1,epsilon_greedy,1560.6506392324652,0.15606506392324704,0.8080964611639071,0.2635,0.9641615250871542,1.209023229959691,6.582308430322998,
main,joint,32,1,1,online_softmax_best_arm,1201.3068507996481,0.12013068507996491,0.8440308400071892,0.1849,0.9641615250871542,1.209023229959691,6.582308430322998,
main,joint,32,1,1,softmax_best_arm,1299.026178195108,0.12990261781951032,0.834258907267644,0.6137,0.9641615250871542,1.209023229959691,6.582308430322998,
main,joint,32,1,1,cluster_label_router,2071.8575299839613,0.20718575299839587,0.7569757720887583,0.1416,0.9641615250871542,1.209023229959691,6.582308430322998,
main,joint,32,1,1,oracle,0.0,0.0,0.9641615250871542,1.0,0.9641615250871542,1.209023229959691,6.582308430322998,
main,joint,32,1,1,linucb_raw_alpha_0.5,1110.7881488365656,0.11107881488365638,0.8530827102034978,0.3447,0.9641615250871542,1.209023229959691,6.582308430322998,0.5
main,joint,32,1,1,linucb_raw_alpha_1,1108.3609536214215,0.11083609536214178,0.8533254297250125,0.3375,0.9641615250871542,1.209023229959691,6.582308430322998,1.0
main,joint,32,1,1,linucb_raw_alpha_2,1126.8554783741145,0.11268554783741115,0.8514759772497429,0.3949,0.9641615250871542,1.209023229959691,6.582308430322998,2.0
main,joint,32,1,1,linucb_raw_alpha_4,1133.4841146534513,0.11334841146534513,0.8508131136218091,0.4415,0.9641615250871542,1.209023229959691,6.582308430322998,4.0
main,joint,32,1,1,linucb_raw_alpha_8,1194.576805792012,0.11945768057920093,0.8447038445079532,0.3393,0.9641615250871542,1.209023229959691,6.582308430322998,8.0
main,joint,32,1,1,linucb_raw,1108.3609536214215,0.11083609536214178,0.8533254297250125,0.3375,0.9641615250871542,1.209023229959691,6.582308430322998,1.0
main,joint,32,2,2,uniform,1293.9845795457686,0.12939845795457744,0.8263704962034771,0.2497,0.9557689541580545,1.178536715988885,6.459614977874891,
main,joint,32,2,2,epsilon_greedy,1160.5683752310038,0.11605683752309995,0.8397121166349545,0.2326,0.9557689541580545,1.178536715988885,6.459614977874891,
main,joint,32,2,2,online_softmax_best_arm,991.3622339500592,0.09913622339500608,0.8566327307630485,0.2753,0.9557689541580545,1.178536715988885,6.459614977874891,
main,joint,32,2,2,softmax_best_arm,1155.2760499484266,0.11552760499484226,0.8402413491632124,0.5677,0.9557689541580545,1.178536715988885,6.459614977874891,
main,joint,32,2,2,cluster_label_router,1070.8725795151029,0.10708725795151026,0.8486816962065442,0.1286,0.9557689541580545,1.178536715988885,6.459614977874891,
main,joint,32,2,2,oracle,0.0,0.0,0.9557689541580545,1.0,0.9557689541580545,1.178536715988885,6.459614977874891,
main,joint,32,2,2,linucb_raw_alpha_0.5,984.8688236616794,0.09848688236616793,0.8572820717918865,0.1769,0.9557689541580545,1.178536715988885,6.459614977874891,0.5
main,joint,32,2,2,linucb_raw_alpha_1,1005.9209826270794,0.10059209826270783,0.8551768558953466,0.1585,0.9557689541580545,1.178536715988885,6.459614977874891,1.0
main,joint,32,2,2,linucb_raw_alpha_2,1018.01648534354,0.10180164853435379,0.8539673056237007,0.2236,0.9557689541580545,1.178536715988885,6.459614977874891,2.0
main,joint,32,2,2,linucb_raw_alpha_4,1027.1515878324874,0.10271515878324858,0.8530537953748061,0.227,0.9557689541580545,1.178536715988885,6.459614977874891,4.0
main,joint,32,2,2,linucb_raw_alpha_8,1061.2820253821774,0.1061282025382176,0.8496407516198369,0.2479,0.9557689541580545,1.178536715988885,6.459614977874891,8.0
main,joint,32,2,2,linucb_raw,1005.9209826270794,0.10059209826270783,0.8551768558953466,0.1585,0.9557689541580545,1.178536715988885,6.459614977874891,1.0
main,joint,32,3,3,uniform,1262.1183547795395,0.1262118354779533,0.832936074757692,0.2527,0.9591479102356454,1.1476386294601288,6.1205609920687465,
main,joint,32,3,3,epsilon_greedy,1114.6954659280889,0.11146954659280875,0.8476783636428364,0.2157,0.9591479102356454,1.1476386294601288,6.1205609920687465,
main,joint,32,3,3,online_softmax_best_arm,1062.1805447513195,0.10621805447513202,0.8529298557605133,0.2509,0.9591479102356454,1.1476386294601288,6.1205609920687465,
main,joint,32,3,3,softmax_best_arm,1185.7891778255516,0.11857891778255517,0.8405689924530899,0.6037,0.9591479102356454,1.1476386294601288,6.1205609920687465,
main,joint,32,3,3,cluster_label_router,1270.1544365287086,0.1270154436528708,0.8321324665827746,0.3083,0.9591479102356454,1.1476386294601288,6.1205609920687465,
main,joint,32,3,3,oracle,0.0,0.0,0.9591479102356454,1.0,0.9591479102356454,1.1476386294601288,6.1205609920687465,
main,joint,32,3,3,linucb_raw_alpha_0.5,1023.1873960065145,0.10231873960065135,0.8568291706349939,0.3143,0.9591479102356454,1.1476386294601288,6.1205609920687465,0.5
main,joint,32,3,3,linucb_raw_alpha_1,1035.2686055147783,0.1035268605514776,0.8556210496841675,0.3293,0.9591479102356454,1.1476386294601288,6.1205609920687465,1.0
main,joint,32,3,3,linucb_raw_alpha_2,1045.145159992773,0.10451451599927707,0.8546333942363683,0.2724,0.9591479102356454,1.1476386294601288,6.1205609920687465,2.0
main,joint,32,3,3,linucb_raw_alpha_4,1055.8324509642805,0.10558324509642782,0.8535646651392174,0.3055,0.9591479102356454,1.1476386294601288,6.1205609920687465,4.0
main,joint,32,3,3,linucb_raw_alpha_8,1109.0834277104234,0.11090834277104197,0.8482395674646034,0.2873,0.9591479102356454,1.1476386294601288,6.1205609920687465,8.0
main,joint,32,3,3,linucb_raw,1035.2686055147783,0.1035268605514776,0.8556210496841675,0.3293,0.9591479102356454,1.1476386294601288,6.1205609920687465,1.0
main,joint,32,4,4,uniform,1094.1365237088628,0.10941365237088611,0.8425592154112946,0.2532,0.9519728677821808,1.1221061716843987,6.235359010295699,
main,joint,32,4,4,epsilon_greedy,1098.0475661408914,0.10980475661408884,0.842168111168092,0.2007,0.9519728677821808,1.1221061716843987,6.235359010295699,
main,joint,32,4,4,online_softmax_best_arm,934.6072303401307,0.09346072303401327,0.8585121447481677,0.2043,0.9519728677821808,1.1221061716843987,6.235359010295699,
main,joint,32,4,4,softmax_best_arm,1052.6763191619061,0.10526763191619039,0.8467052358659904,0.549,0.9519728677821808,1.1221061716843987,6.235359010295699,
main,joint,32,4,4,cluster_label_router,1013.9631054692976,0.1013963105469297,0.8505765572352513,0.172,0.9519728677821808,1.1221061716843987,6.235359010295699,
main,joint,32,4,4,oracle,0.0,0.0,0.9519728677821808,1.0,0.9519728677821808,1.1221061716843987,6.235359010295699,
main,joint,32,4,4,linucb_raw_alpha_0.5,921.7035410086766,0.09217035410086767,0.8598025136813132,0.2382,0.9519728677821808,1.1221061716843987,6.235359010295699,0.5
main,joint,32,4,4,linucb_raw_alpha_1,892.6996871474023,0.08926996871474006,0.8627028990674407,0.2194,0.9519728677821808,1.1221061716843987,6.235359010295699,1.0
main,joint,32,4,4,linucb_raw_alpha_2,889.8482836502674,0.08898482836502647,0.8629880394171545,0.2062,0.9519728677821808,1.1221061716843987,6.235359010295699,2.0
main,joint,32,4,4,linucb_raw_alpha_4,911.3558080538781,0.0911355808053878,0.8608372869767931,0.2281,0.9519728677821808,1.1221061716843987,6.235359010295699,4.0
main,joint,32,4,4,linucb_raw_alpha_8,937.2211298920577,0.09372211298920603,0.8582507547929749,0.2494,0.9519728677821808,1.1221061716843987,6.235359010295699,8.0
main,joint,32,4,4,linucb_raw,892.6996871474023,0.08926996871474006,0.8627028990674407,0.2194,0.9519728677821808,1.1221061716843987,6.235359010295699,1.0
main,joint,64,0,0,uniform,1074.8741207143062,0.10748741207143059,0.8392124836781212,0.2486,0.9466998957495518,1.0822907589722057,6.318409803277601,
main,joint,64,0,0,epsilon_greedy,762.4155946636521,0.07624155946636517,0.8704583362831865,0.1441,0.9466998957495518,1.0822907589722057,6.318409803277601,
main,joint,64,0,0,online_softmax_best_arm,841.4456916574276,0.08414456916574266,0.8625553265838091,0.2387,0.9466998957495518,1.0822907589722057,6.318409803277601,
main,joint,64,0,0,softmax_best_arm,1008.4468943052544,0.10084468943052524,0.8458552063190266,0.4776,0.9466998957495518,1.0822907589722057,6.318409803277601,
main,joint,64,0,0,cluster_label_router,1470.056785974545,0.14700567859745514,0.7996942171520967,0.2504,0.9466998957495518,1.0822907589722057,6.318409803277601,
main,joint,64,0,0,oracle,0.0,0.0,0.9466998957495518,1.0,0.9466998957495518,1.0822907589722057,6.318409803277601,
main,joint,64,0,0,linucb_raw_alpha_0.5,829.4884045948156,0.08294884045948117,0.8637510552900705,0.2417,0.9466998957495518,1.0822907589722057,6.318409803277601,0.5
main,joint,64,0,0,linucb_raw_alpha_1,827.0680914942914,0.08270680914942899,0.8639930866001229,0.2792,0.9466998957495518,1.0822907589722057,6.318409803277601,1.0
main,joint,64,0,0,linucb_raw_alpha_2,839.0572300278963,0.08390572300278937,0.8627941727467625,0.2913,0.9466998957495518,1.0822907589722057,6.318409803277601,2.0
main,joint,64,0,0,linucb_raw_alpha_4,855.0712906631123,0.085507129066311,0.861192766683241,0.2833,0.9466998957495518,1.0822907589722057,6.318409803277601,4.0
main,joint,64,0,0,linucb_raw_alpha_8,889.1588815062772,0.08891588815062776,0.8577840075989239,0.2864,0.9466998957495518,1.0822907589722057,6.318409803277601,8.0
main,joint,64,0,0,linucb_raw,827.0680914942914,0.08270680914942899,0.8639930866001229,0.2792,0.9466998957495518,1.0822907589722057,6.318409803277601,1.0
main,joint,64,1,1,uniform,1307.8941215191671,0.13078941215191708,0.8268824032569042,0.2486,0.9576718154088212,1.1762197217992016,6.042673203695185,
main,joint,64,1,1,epsilon_greedy,1091.0153490403065,0.10910153490403049,0.8485702805047909,0.1963,0.9576718154088212,1.1762197217992016,6.042673203695185,
main,joint,64,1,1,online_softmax_best_arm,1056.3024374344207,0.10563024374344193,0.8520415716653792,0.2658,0.9576718154088212,1.1762197217992016,6.042673203695185,
main,joint,64,1,1,softmax_best_arm,1216.9526143591743,0.12169526143591725,0.835976553972904,0.5188,0.9576718154088212,1.1762197217992016,6.042673203695185,
main,joint,64,1,1,cluster_label_router,1313.5395476770154,0.13135395476770165,0.8263178606411195,0.2216,0.9576718154088212,1.1762197217992016,6.042673203695185,
main,joint,64,1,1,oracle,0.0,0.0,0.9576718154088212,1.0,0.9576718154088212,1.1762197217992016,6.042673203695185,
main,joint,64,1,1,linucb_raw_alpha_0.5,1065.2903117294334,0.1065290311729435,0.8511427842358779,0.3013,0.9576718154088212,1.1762197217992016,6.042673203695185,0.5
main,joint,64,1,1,linucb_raw_alpha_1,1077.3131726896875,0.10773131726896888,0.8499404981398524,0.3281,0.9576718154088212,1.1762197217992016,6.042673203695185,1.0
main,joint,64,1,1,linucb_raw_alpha_2,1088.580578470329,0.1088580578470328,0.8488137575617886,0.3177,0.9576718154088212,1.1762197217992016,6.042673203695185,2.0
main,joint,64,1,1,linucb_raw_alpha_4,1088.0965440246036,0.10880965440246043,0.8488621610063608,0.3313,0.9576718154088212,1.1762197217992016,6.042673203695185,4.0
main,joint,64,1,1,linucb_raw_alpha_8,1104.168195580823,0.11041681955808222,0.847254995850739,0.3254,0.9576718154088212,1.1762197217992016,6.042673203695185,8.0
main,joint,64,1,1,linucb_raw,1077.3131726896875,0.10773131726896888,0.8499404981398524,0.3281,0.9576718154088212,1.1762197217992016,6.042673203695185,1.0
main,joint,64,2,2,uniform,1258.3642209785762,0.12583642209785798,0.8313665737013031,0.2528,0.9572029957991611,1.13302984765865,6.199172144842728,
main,joint,64,2,2,epsilon_greedy,1043.5368152975327,0.1043536815297531,0.852849314269408,0.1898,0.9572029957991611,1.13302984765865,6.199172144842728,
main,joint,64,2,2,online_softmax_best_arm,1105.311413223715,0.11053114132237146,0.8466718544767897,0.2769,0.9572029957991611,1.13302984765865,6.199172144842728,
main,joint,64,2,2,softmax_best_arm,1208.6850522704053,0.12086850522704078,0.8363344905721204,0.5395,0.9572029957991611,1.13302984765865,6.199172144842728,
main,joint,64,2,2,cluster_label_router,1151.4532686583975,0.1151453268658395,0.8420576689333215,0.4298,0.9572029957991611,1.13302984765865,6.199172144842728,
main,joint,64,2,2,oracle,0.0,0.0,0.9572029957991611,1.0,0.9572029957991611,1.13302984765865,6.199172144842728,
main,joint,64,2,2,linucb_raw_alpha_0.5,1080.4736447563232,0.10804736447563264,0.8491556313235283,0.2577,0.9572029957991611,1.13302984765865,6.199172144842728,0.5
main,joint,64,2,2,linucb_raw_alpha_1,1074.4566218330906,0.10744566218330942,0.8497573336158517,0.3199,0.9572029957991611,1.13302984765865,6.199172144842728,1.0
main,joint,64,2,2,linucb_raw_alpha_2,1082.6428259988857,0.10826428259988848,0.8489387131992727,0.2457,0.9572029957991611,1.13302984765865,6.199172144842728,2.0
main,joint,64,2,2,linucb_raw_alpha_4,1105.0123611318177,0.11050123611318172,0.8467017596859794,0.2839,0.9572029957991611,1.13302984765865,6.199172144842728,4.0
main,joint,64,2,2,linucb_raw_alpha_8,1104.401023471895,0.11044010234718926,0.8467628934519719,0.2928,0.9572029957991611,1.13302984765865,6.199172144842728,8.0
main,joint,64,2,2,linucb_raw,1074.4566218330906,0.10744566218330942,0.8497573336158517,0.3199,0.9572029957991611,1.13302984765865,6.199172144842728,1.0
main,joint,64,3,3,uniform,1406.6624352303122,0.14066624352303148,0.8136387452908537,0.2485,0.954304988813885,1.3066116598243749,6.415426219093536,
main,joint,64,3,3,epsilon_greedy,1290.5346813728754,0.12905346813728774,0.8252515206765975,0.1671,0.954304988813885,1.3066116598243749,6.415426219093536,
main,joint,64,3,3,online_softmax_best_arm,1075.7710482340372,0.10757710482340317,0.846727883990482,0.2459,0.954304988813885,1.3066116598243749,6.415426219093536,
main,joint,64,3,3,softmax_best_arm,1256.359983443636,0.12563599834436376,0.8286689904695215,0.4668,0.954304988813885,1.3066116598243749,6.415426219093536,
main,joint,64,3,3,cluster_label_router,1780.4570851488388,0.1780457085148841,0.7762592802990009,0.1795,0.954304988813885,1.3066116598243749,6.415426219093536,
main,joint,64,3,3,oracle,0.0,0.0,0.954304988813885,1.0,0.954304988813885,1.3066116598243749,6.415426219093536,
main,joint,64,3,3,linucb_raw_alpha_0.5,1015.079346437218,0.10150793464372174,0.8527970541701634,0.2675,0.954304988813885,1.3066116598243749,6.415426219093536,0.5
main,joint,64,3,3,linucb_raw_alpha_1,1040.2487237693413,0.10402487237693403,0.850280116436951,0.2571,0.954304988813885,1.3066116598243749,6.415426219093536,1.0
main,joint,64,3,3,linucb_raw_alpha_2,1054.0007950252605,0.10540007950252607,0.848904909311359,0.2553,0.954304988813885,1.3066116598243749,6.415426219093536,2.0
main,joint,64,3,3,linucb_raw_alpha_4,1053.160300697964,0.10531603006979608,0.8489889587440892,0.2723,0.954304988813885,1.3066116598243749,6.415426219093536,4.0
main,joint,64,3,3,linucb_raw_alpha_8,1086.760577449998,0.10867605774499985,0.8456289310688851,0.2801,0.954304988813885,1.3066116598243749,6.415426219093536,8.0
main,joint,64,3,3,linucb_raw,1040.2487237693413,0.10402487237693403,0.850280116436951,0.2571,0.954304988813885,1.3066116598243749,6.415426219093536,1.0
main,joint,64,4,4,uniform,1318.2632663244901,0.1318263266324493,0.8236005437326068,0.2521,0.9554268703650559,1.123210439139033,6.555002126057588,
main,joint,64,4,4,epsilon_greedy,1185.1029890854722,0.11851029890854652,0.8369165714565096,0.2205,0.9554268703650559,1.123210439139033,6.555002126057588,
main,joint,64,4,4,online_softmax_best_arm,1064.9948371372202,0.10649948371372187,0.848927386651334,0.2583,0.9554268703650559,1.123210439139033,6.555002126057588,
main,joint,64,4,4,softmax_best_arm,1221.4493562816704,0.1221449356281671,0.8332819347368889,0.5316,0.9554268703650559,1.123210439139033,6.555002126057588,
main,joint,64,4,4,cluster_label_router,1164.084376582314,0.11640843765823108,0.8390184327068247,0.3758,0.9554268703650559,1.123210439139033,6.555002126057588,
main,joint,64,4,4,oracle,0.0,0.0,0.9554268703650559,1.0,0.9554268703650559,1.123210439139033,6.555002126057588,
main,joint,64,4,4,linucb_raw_alpha_0.5,1017.1466777160691,0.10171466777160676,0.8537122025934494,0.2493,0.9554268703650559,1.123210439139033,6.555002126057588,0.5
main,joint,64,4,4,linucb_raw_alpha_1,1021.8497651926813,0.1021849765192681,0.8532418938457879,0.3106,0.9554268703650559,1.123210439139033,6.555002126057588,1.0
main,joint,64,4,4,linucb_raw_alpha_2,997.0336621237161,0.0997033662123716,0.8557235041526843,0.3048,0.9554268703650559,1.123210439139033,6.555002126057588,2.0
main,joint,64,4,4,linucb_raw_alpha_4,1021.8378768831122,0.10218378768831096,0.853243082676745,0.3054,0.9554268703650559,1.123210439139033,6.555002126057588,4.0
main,joint,64,4,4,linucb_raw_alpha_8,1065.5795575804727,0.1065579557580473,0.8488689146070089,0.2965,0.9554268703650559,1.123210439139033,6.555002126057588,8.0
main,joint,64,4,4,linucb_raw,1021.8497651926813,0.1021849765192681,0.8532418938457879,0.3106,0.9554268703650559,1.123210439139033,6.555002126057588,1.0
